Wall time,Step,Value
1565350186.326616,0,2.8862454891204834
1565350461.0830328,1,1.2293585538864136
1565350736.035334,2,0.5456498265266418
1565351010.5792868,3,0.2688175439834595
1565351285.3270981,4,0.1739242821931839
1565351561.0199585,5,0.1029810756444931
1565351836.6289973,6,0.06947075575590134
1565352111.6626036,7,0.05280459672212601
